,file_name,class
0,20000.png,tile
1,20001.png,grid
2,20002.png,transistor
3,20003.png,tile
4,20004.png,tile
5,20005.png,pill
6,20006.png,capsule
7,20007.png,hazelnut
8,20008.png,leather
9,20009.png,leather
10,20010.png,bottle
11,20011.png,wood
12,20012.png,zipper
13,20013.png,screw
14,20014.png,tile
15,20015.png,bottle
16,20016.png,grid
17,20017.png,carpet
18,20018.png,carpet
19,20019.png,pill
20,20020.png,tile
21,20021.png,zipper
22,20022.png,bottle
23,20023.png,screw
24,20024.png,pill
25,20025.png,screw
26,20026.png,pill
27,20027.png,screw
28,20028.png,leather
29,20029.png,wood
30,20030.png,screw
31,20031.png,cable
32,20032.png,screw
33,20033.png,zipper
34,20034.png,zipper
35,20035.png,zipper
36,20036.png,leather
37,20037.png,cable
38,20038.png,leather
39,20039.png,metal_nut
40,20040.png,metal_nut
41,20041.png,cable
42,20042.png,screw
43,20043.png,capsule
44,20044.png,metal_nut
45,20045.png,tile
46,20046.png,toothbrush
47,20047.png,capsule
48,20048.png,zipper
49,20049.png,screw
50,20050.png,cable
51,20051.png,transistor
52,20052.png,hazelnut
53,20053.png,hazelnut
54,20054.png,zipper
55,20055.png,metal_nut
56,20056.png,carpet
57,20057.png,carpet
58,20058.png,leather
59,20059.png,capsule
60,20060.png,transistor
61,20061.png,pill
62,20062.png,capsule
63,20063.png,zipper
64,20064.png,capsule
65,20065.png,leather
66,20066.png,transistor
67,20067.png,capsule
68,20068.png,pill
69,20069.png,metal_nut
70,20070.png,grid
71,20071.png,wood
72,20072.png,hazelnut
73,20073.png,tile
74,20074.png,leather
75,20075.png,zipper
76,20076.png,cable
77,20077.png,leather
78,20078.png,cable
79,20079.png,cable
80,20080.png,pill
81,20081.png,wood
82,20082.png,screw
83,20083.png,wood
84,20084.png,transistor
85,20085.png,bottle
86,20086.png,zipper
87,20087.png,carpet
88,20088.png,leather
89,20089.png,zipper
90,20090.png,leather
91,20091.png,zipper
92,20092.png,cable
93,20093.png,metal_nut
94,20094.png,screw
95,20095.png,tile
96,20096.png,transistor
97,20097.png,transistor
98,20098.png,metal_nut
99,20099.png,metal_nut
100,20100.png,cable
101,20101.png,carpet
102,20102.png,pill
103,20103.png,capsule
104,20104.png,wood
105,20105.png,bottle
106,20106.png,zipper
107,20107.png,pill
108,20108.png,transistor
109,20109.png,hazelnut
110,20110.png,leather
111,20111.png,screw
112,20112.png,transistor
113,20113.png,transistor
114,20114.png,zipper
115,20115.png,capsule
116,20116.png,grid
117,20117.png,pill
118,20118.png,capsule
119,20119.png,leather
120,20120.png,screw
121,20121.png,carpet
122,20122.png,metal_nut
123,20123.png,transistor
124,20124.png,wood
125,20125.png,transistor
126,20126.png,tile
127,20127.png,transistor
128,20128.png,pill
129,20129.png,screw
130,20130.png,grid
131,20131.png,metal_nut
132,20132.png,pill
133,20133.png,metal_nut
134,20134.png,capsule
135,20135.png,grid
136,20136.png,screw
137,20137.png,bottle
138,20138.png,pill
139,20139.png,wood
140,20140.png,transistor
141,20141.png,hazelnut
142,20142.png,cable
143,20143.png,cable
144,20144.png,zipper
145,20145.png,hazelnut
146,20146.png,carpet
147,20147.png,zipper
148,20148.png,zipper
149,20149.png,wood
150,20150.png,zipper
151,20151.png,wood
152,20152.png,transistor
153,20153.png,pill
154,20154.png,zipper
155,20155.png,tile
156,20156.png,toothbrush
157,20157.png,tile
158,20158.png,hazelnut
159,20159.png,metal_nut
160,20160.png,screw
161,20161.png,screw
162,20162.png,screw
163,20163.png,cable
164,20164.png,carpet
165,20165.png,leather
166,20166.png,pill
167,20167.png,wood
168,20168.png,zipper
169,20169.png,cable
170,20170.png,carpet
171,20171.png,carpet
172,20172.png,screw
173,20173.png,leather
174,20174.png,cable
175,20175.png,pill
176,20176.png,screw
177,20177.png,zipper
178,20178.png,capsule
179,20179.png,zipper
180,20180.png,leather
181,20181.png,grid
182,20182.png,bottle
183,20183.png,cable
184,20184.png,pill
185,20185.png,carpet
186,20186.png,tile
187,20187.png,metal_nut
188,20188.png,wood
189,20189.png,transistor
190,20190.png,pill
191,20191.png,capsule
192,20192.png,zipper
193,20193.png,hazelnut
194,20194.png,pill
195,20195.png,screw
196,20196.png,zipper
197,20197.png,zipper
198,20198.png,zipper
199,20199.png,hazelnut
200,20200.png,transistor
201,20201.png,cable
202,20202.png,screw
203,20203.png,bottle
204,20204.png,pill
205,20205.png,leather
206,20206.png,pill
207,20207.png,pill
208,20208.png,hazelnut
209,20209.png,grid
210,20210.png,leather
211,20211.png,capsule
212,20212.png,screw
213,20213.png,wood
214,20214.png,pill
215,20215.png,carpet
216,20216.png,capsule
217,20217.png,pill
218,20218.png,transistor
219,20219.png,bottle
220,20220.png,tile
221,20221.png,grid
222,20222.png,tile
223,20223.png,bottle
224,20224.png,capsule
225,20225.png,metal_nut
226,20226.png,pill
227,20227.png,leather
228,20228.png,cable
229,20229.png,transistor
230,20230.png,pill
231,20231.png,screw
232,20232.png,zipper
233,20233.png,pill
234,20234.png,zipper
235,20235.png,capsule
236,20236.png,transistor
237,20237.png,metal_nut
238,20238.png,hazelnut
239,20239.png,capsule
240,20240.png,metal_nut
241,20241.png,hazelnut
242,20242.png,zipper
243,20243.png,screw
244,20244.png,wood
245,20245.png,leather
246,20246.png,tile
247,20247.png,tile
248,20248.png,wood
249,20249.png,cable
250,20250.png,transistor
251,20251.png,tile
252,20252.png,cable
253,20253.png,capsule
254,20254.png,metal_nut
255,20255.png,metal_nut
256,20256.png,metal_nut
257,20257.png,capsule
258,20258.png,zipper
259,20259.png,hazelnut
260,20260.png,hazelnut
261,20261.png,screw
262,20262.png,hazelnut
263,20263.png,hazelnut
264,20264.png,leather
265,20265.png,leather
266,20266.png,wood
267,20267.png,screw
268,20268.png,metal_nut
269,20269.png,cable
270,20270.png,carpet
271,20271.png,screw
272,20272.png,wood
273,20273.png,transistor
274,20274.png,cable
275,20275.png,capsule
276,20276.png,pill
277,20277.png,capsule
278,20278.png,transistor
279,20279.png,zipper
280,20280.png,pill
281,20281.png,leather
282,20282.png,transistor
283,20283.png,pill
284,20284.png,pill
285,20285.png,screw
286,20286.png,grid
287,20287.png,tile
288,20288.png,tile
289,20289.png,bottle
290,20290.png,carpet
291,20291.png,bottle
292,20292.png,leather
293,20293.png,leather
294,20294.png,cable
295,20295.png,zipper
296,20296.png,tile
297,20297.png,transistor
298,20298.png,transistor
299,20299.png,transistor
300,20300.png,screw
301,20301.png,leather
302,20302.png,zipper
303,20303.png,transistor
304,20304.png,screw
305,20305.png,pill
306,20306.png,toothbrush
307,20307.png,grid
308,20308.png,leather
309,20309.png,screw
310,20310.png,screw
311,20311.png,transistor
312,20312.png,bottle
313,20313.png,metal_nut
314,20314.png,wood
315,20315.png,transistor
316,20316.png,screw
317,20317.png,wood
318,20318.png,wood
319,20319.png,tile
320,20320.png,cable
321,20321.png,screw
322,20322.png,metal_nut
323,20323.png,cable
324,20324.png,leather
325,20325.png,capsule
326,20326.png,screw
327,20327.png,screw
328,20328.png,pill
329,20329.png,transistor
330,20330.png,screw
331,20331.png,capsule
332,20332.png,screw
333,20333.png,carpet
334,20334.png,carpet
335,20335.png,bottle
336,20336.png,tile
337,20337.png,metal_nut
338,20338.png,screw
339,20339.png,cable
340,20340.png,wood
341,20341.png,screw
342,20342.png,metal_nut
343,20343.png,tile
344,20344.png,screw
345,20345.png,leather
346,20346.png,metal_nut
347,20347.png,metal_nut
348,20348.png,hazelnut
349,20349.png,pill
350,20350.png,carpet
351,20351.png,cable
352,20352.png,cable
353,20353.png,capsule
354,20354.png,carpet
355,20355.png,capsule
356,20356.png,cable
357,20357.png,pill
358,20358.png,bottle
359,20359.png,toothbrush
360,20360.png,transistor
361,20361.png,capsule
362,20362.png,leather
363,20363.png,carpet
364,20364.png,transistor
365,20365.png,zipper
366,20366.png,wood
367,20367.png,cable
368,20368.png,cable
369,20369.png,leather
370,20370.png,hazelnut
371,20371.png,screw
372,20372.png,cable
373,20373.png,bottle
374,20374.png,hazelnut
375,20375.png,transistor
376,20376.png,wood
377,20377.png,screw
378,20378.png,capsule
379,20379.png,grid
380,20380.png,metal_nut
381,20381.png,screw
382,20382.png,wood
383,20383.png,tile
384,20384.png,capsule
385,20385.png,grid
386,20386.png,metal_nut
387,20387.png,capsule
388,20388.png,hazelnut
389,20389.png,screw
390,20390.png,leather
391,20391.png,metal_nut
392,20392.png,bottle
393,20393.png,leather
394,20394.png,capsule
395,20395.png,transistor
396,20396.png,cable
397,20397.png,bottle
398,20398.png,hazelnut
399,20399.png,tile
400,20400.png,wood
401,20401.png,tile
402,20402.png,transistor
403,20403.png,zipper
404,20404.png,bottle
405,20405.png,tile
406,20406.png,pill
407,20407.png,capsule
408,20408.png,leather
409,20409.png,pill
410,20410.png,cable
411,20411.png,capsule
412,20412.png,pill
413,20413.png,cable
414,20414.png,bottle
415,20415.png,transistor
416,20416.png,leather
417,20417.png,transistor
418,20418.png,hazelnut
419,20419.png,transistor
420,20420.png,metal_nut
421,20421.png,zipper
422,20422.png,metal_nut
423,20423.png,carpet
424,20424.png,carpet
425,20425.png,pill
426,20426.png,zipper
427,20427.png,zipper
428,20428.png,leather
429,20429.png,transistor
430,20430.png,bottle
431,20431.png,zipper
432,20432.png,cable
433,20433.png,bottle
434,20434.png,tile
435,20435.png,hazelnut
436,20436.png,wood
437,20437.png,pill
438,20438.png,carpet
439,20439.png,grid
440,20440.png,pill
441,20441.png,tile
442,20442.png,transistor
443,20443.png,screw
444,20444.png,transistor
445,20445.png,transistor
446,20446.png,carpet
447,20447.png,zipper
448,20448.png,tile
449,20449.png,leather
450,20450.png,wood
451,20451.png,zipper
452,20452.png,bottle
453,20453.png,carpet
454,20454.png,tile
455,20455.png,hazelnut
456,20456.png,screw
457,20457.png,hazelnut
458,20458.png,carpet
459,20459.png,metal_nut
460,20460.png,cable
461,20461.png,carpet
462,20462.png,screw
463,20463.png,leather
464,20464.png,carpet
465,20465.png,capsule
466,20466.png,capsule
467,20467.png,metal_nut
468,20468.png,screw
469,20469.png,metal_nut
470,20470.png,pill
471,20471.png,metal_nut
472,20472.png,tile
473,20473.png,bottle
474,20474.png,screw
475,20475.png,cable
476,20476.png,wood
477,20477.png,transistor
478,20478.png,screw
479,20479.png,screw
480,20480.png,pill
481,20481.png,screw
482,20482.png,carpet
483,20483.png,cable
484,20484.png,screw
485,20485.png,screw
486,20486.png,cable
487,20487.png,grid
488,20488.png,hazelnut
489,20489.png,pill
490,20490.png,carpet
491,20491.png,cable
492,20492.png,cable
493,20493.png,screw
494,20494.png,hazelnut
495,20495.png,capsule
496,20496.png,transistor
497,20497.png,toothbrush
498,20498.png,cable
499,20499.png,zipper
500,20500.png,screw
501,20501.png,tile
502,20502.png,metal_nut
503,20503.png,transistor
504,20504.png,cable
505,20505.png,tile
506,20506.png,leather
507,20507.png,wood
508,20508.png,toothbrush
509,20509.png,leather
510,20510.png,capsule
511,20511.png,screw
512,20512.png,transistor
513,20513.png,transistor
514,20514.png,transistor
515,20515.png,zipper
516,20516.png,cable
517,20517.png,metal_nut
518,20518.png,leather
519,20519.png,cable
520,20520.png,tile
521,20521.png,pill
522,20522.png,wood
523,20523.png,metal_nut
524,20524.png,pill
525,20525.png,zipper
526,20526.png,cable
527,20527.png,wood
528,20528.png,capsule
529,20529.png,carpet
530,20530.png,capsule
531,20531.png,hazelnut
532,20532.png,hazelnut
533,20533.png,hazelnut
534,20534.png,grid
535,20535.png,screw
536,20536.png,zipper
537,20537.png,wood
538,20538.png,pill
539,20539.png,toothbrush
540,20540.png,cable
541,20541.png,wood
542,20542.png,grid
543,20543.png,screw
544,20544.png,grid
545,20545.png,zipper
546,20546.png,transistor
547,20547.png,tile
548,20548.png,hazelnut
549,20549.png,pill
550,20550.png,cable
551,20551.png,capsule
552,20552.png,pill
553,20553.png,pill
554,20554.png,zipper
555,20555.png,tile
556,20556.png,screw
557,20557.png,capsule
558,20558.png,zipper
559,20559.png,screw
560,20560.png,leather
561,20561.png,capsule
562,20562.png,leather
563,20563.png,carpet
564,20564.png,cable
565,20565.png,hazelnut
566,20566.png,grid
567,20567.png,grid
568,20568.png,hazelnut
569,20569.png,screw
570,20570.png,hazelnut
571,20571.png,wood
572,20572.png,hazelnut
573,20573.png,pill
574,20574.png,cable
575,20575.png,wood
576,20576.png,zipper
577,20577.png,carpet
578,20578.png,grid
579,20579.png,zipper
580,20580.png,pill
581,20581.png,metal_nut
582,20582.png,tile
583,20583.png,carpet
584,20584.png,transistor
585,20585.png,transistor
586,20586.png,transistor
587,20587.png,carpet
588,20588.png,leather
589,20589.png,transistor
590,20590.png,screw
591,20591.png,hazelnut
592,20592.png,cable
593,20593.png,zipper
594,20594.png,zipper
595,20595.png,metal_nut
596,20596.png,carpet
597,20597.png,tile
598,20598.png,zipper
599,20599.png,hazelnut
600,20600.png,leather
601,20601.png,hazelnut
602,20602.png,hazelnut
603,20603.png,cable
604,20604.png,pill
605,20605.png,cable
606,20606.png,pill
607,20607.png,cable
608,20608.png,transistor
609,20609.png,pill
610,20610.png,metal_nut
611,20611.png,grid
612,20612.png,cable
613,20613.png,carpet
614,20614.png,hazelnut
615,20615.png,capsule
616,20616.png,pill
617,20617.png,zipper
618,20618.png,carpet
619,20619.png,cable
620,20620.png,cable
621,20621.png,cable
622,20622.png,zipper
623,20623.png,tile
624,20624.png,bottle
625,20625.png,carpet
626,20626.png,metal_nut
627,20627.png,toothbrush
628,20628.png,hazelnut
629,20629.png,bottle
630,20630.png,leather
631,20631.png,toothbrush
632,20632.png,screw
633,20633.png,screw
634,20634.png,zipper
635,20635.png,leather
636,20636.png,cable
637,20637.png,capsule
638,20638.png,carpet
639,20639.png,leather
640,20640.png,pill
641,20641.png,leather
642,20642.png,transistor
643,20643.png,bottle
644,20644.png,carpet
645,20645.png,zipper
646,20646.png,cable
647,20647.png,leather
648,20648.png,capsule
649,20649.png,zipper
650,20650.png,wood
651,20651.png,hazelnut
652,20652.png,carpet
653,20653.png,screw
654,20654.png,grid
655,20655.png,wood
656,20656.png,screw
657,20657.png,capsule
658,20658.png,capsule
659,20659.png,leather
660,20660.png,transistor
661,20661.png,cable
662,20662.png,carpet
663,20663.png,transistor
664,20664.png,capsule
665,20665.png,grid
666,20666.png,transistor
667,20667.png,hazelnut
668,20668.png,tile
669,20669.png,cable
670,20670.png,hazelnut
671,20671.png,pill
672,20672.png,bottle
673,20673.png,pill
674,20674.png,pill
675,20675.png,bottle
676,20676.png,wood
677,20677.png,pill
678,20678.png,cable
679,20679.png,tile
680,20680.png,leather
681,20681.png,leather
682,20682.png,tile
683,20683.png,pill
684,20684.png,cable
685,20685.png,tile
686,20686.png,tile
687,20687.png,hazelnut
688,20688.png,grid
689,20689.png,leather
690,20690.png,metal_nut
691,20691.png,cable
692,20692.png,screw
693,20693.png,pill
694,20694.png,grid
695,20695.png,cable
696,20696.png,hazelnut
697,20697.png,zipper
698,20698.png,tile
699,20699.png,bottle
700,20700.png,cable
701,20701.png,leather
702,20702.png,hazelnut
703,20703.png,screw
704,20704.png,bottle
705,20705.png,carpet
706,20706.png,screw
707,20707.png,transistor
708,20708.png,cable
709,20709.png,wood
710,20710.png,pill
711,20711.png,pill
712,20712.png,screw
713,20713.png,grid
714,20714.png,carpet
715,20715.png,wood
716,20716.png,carpet
717,20717.png,leather
718,20718.png,hazelnut
719,20719.png,zipper
720,20720.png,capsule
721,20721.png,transistor
722,20722.png,screw
723,20723.png,transistor
724,20724.png,zipper
725,20725.png,transistor
726,20726.png,pill
727,20727.png,hazelnut
728,20728.png,pill
729,20729.png,cable
730,20730.png,hazelnut
731,20731.png,bottle
732,20732.png,pill
733,20733.png,pill
734,20734.png,hazelnut
735,20735.png,metal_nut
736,20736.png,carpet
737,20737.png,pill
738,20738.png,capsule
739,20739.png,wood
740,20740.png,hazelnut
741,20741.png,carpet
742,20742.png,pill
743,20743.png,pill
744,20744.png,tile
745,20745.png,carpet
746,20746.png,bottle
747,20747.png,pill
748,20748.png,pill
749,20749.png,capsule
750,20750.png,metal_nut
751,20751.png,cable
752,20752.png,metal_nut
753,20753.png,transistor
754,20754.png,capsule
755,20755.png,tile
756,20756.png,zipper
757,20757.png,bottle
758,20758.png,pill
759,20759.png,capsule
760,20760.png,screw
761,20761.png,hazelnut
762,20762.png,cable
763,20763.png,pill
764,20764.png,bottle
765,20765.png,capsule
766,20766.png,grid
767,20767.png,zipper
768,20768.png,metal_nut
769,20769.png,pill
770,20770.png,wood
771,20771.png,carpet
772,20772.png,wood
773,20773.png,zipper
774,20774.png,hazelnut
775,20775.png,screw
776,20776.png,pill
777,20777.png,screw
778,20778.png,bottle
779,20779.png,capsule
780,20780.png,transistor
781,20781.png,leather
782,20782.png,screw
783,20783.png,wood
784,20784.png,cable
785,20785.png,leather
786,20786.png,toothbrush
787,20787.png,toothbrush
788,20788.png,screw
789,20789.png,cable
790,20790.png,zipper
791,20791.png,carpet
792,20792.png,toothbrush
793,20793.png,toothbrush
794,20794.png,zipper
795,20795.png,hazelnut
796,20796.png,transistor
797,20797.png,zipper
798,20798.png,screw
799,20799.png,pill
800,20800.png,zipper
801,20801.png,hazelnut
802,20802.png,tile
803,20803.png,metal_nut
804,20804.png,tile
805,20805.png,wood
806,20806.png,pill
807,20807.png,bottle
808,20808.png,leather
809,20809.png,zipper
810,20810.png,cable
811,20811.png,capsule
812,20812.png,capsule
813,20813.png,grid
814,20814.png,toothbrush
815,20815.png,wood
816,20816.png,screw
817,20817.png,bottle
818,20818.png,tile
819,20819.png,screw
820,20820.png,pill
821,20821.png,hazelnut
822,20822.png,cable
823,20823.png,metal_nut
824,20824.png,screw
825,20825.png,cable
826,20826.png,capsule
827,20827.png,cable
828,20828.png,hazelnut
829,20829.png,transistor
830,20830.png,carpet
831,20831.png,grid
832,20832.png,cable
833,20833.png,capsule
834,20834.png,zipper
835,20835.png,tile
836,20836.png,capsule
837,20837.png,screw
838,20838.png,carpet
839,20839.png,pill
840,20840.png,hazelnut
841,20841.png,bottle
842,20842.png,screw
843,20843.png,screw
844,20844.png,tile
845,20845.png,transistor
846,20846.png,leather
847,20847.png,bottle
848,20848.png,tile
849,20849.png,capsule
850,20850.png,tile
851,20851.png,wood
852,20852.png,screw
853,20853.png,capsule
854,20854.png,transistor
855,20855.png,capsule
856,20856.png,zipper
857,20857.png,hazelnut
858,20858.png,transistor
859,20859.png,zipper
860,20860.png,cable
861,20861.png,hazelnut
862,20862.png,metal_nut
863,20863.png,screw
864,20864.png,carpet
865,20865.png,transistor
866,20866.png,toothbrush
867,20867.png,cable
868,20868.png,zipper
869,20869.png,cable
870,20870.png,carpet
871,20871.png,leather
872,20872.png,pill
873,20873.png,pill
874,20874.png,pill
875,20875.png,carpet
876,20876.png,screw
877,20877.png,wood
878,20878.png,leather
879,20879.png,leather
880,20880.png,hazelnut
881,20881.png,grid
882,20882.png,capsule
883,20883.png,capsule
884,20884.png,transistor
885,20885.png,tile
886,20886.png,screw
887,20887.png,pill
888,20888.png,leather
889,20889.png,metal_nut
890,20890.png,transistor
891,20891.png,zipper
892,20892.png,leather
893,20893.png,cable
894,20894.png,leather
895,20895.png,screw
896,20896.png,pill
897,20897.png,screw
898,20898.png,cable
899,20899.png,carpet
900,20900.png,transistor
901,20901.png,leather
902,20902.png,screw
903,20903.png,pill
904,20904.png,capsule
905,20905.png,zipper
906,20906.png,leather
907,20907.png,capsule
908,20908.png,screw
909,20909.png,metal_nut
910,20910.png,tile
911,20911.png,pill
912,20912.png,zipper
913,20913.png,capsule
914,20914.png,leather
915,20915.png,screw
916,20916.png,metal_nut
917,20917.png,screw
918,20918.png,tile
919,20919.png,transistor
920,20920.png,hazelnut
921,20921.png,screw
922,20922.png,tile
923,20923.png,zipper
924,20924.png,metal_nut
925,20925.png,leather
926,20926.png,cable
927,20927.png,toothbrush
928,20928.png,cable
929,20929.png,toothbrush
930,20930.png,tile
931,20931.png,cable
932,20932.png,capsule
933,20933.png,metal_nut
934,20934.png,capsule
935,20935.png,pill
936,20936.png,tile
937,20937.png,leather
938,20938.png,carpet
939,20939.png,leather
940,20940.png,carpet
941,20941.png,leather
942,20942.png,screw
943,20943.png,screw
944,20944.png,bottle
945,20945.png,leather
946,20946.png,leather
947,20947.png,capsule
948,20948.png,zipper
949,20949.png,hazelnut
950,20950.png,capsule
951,20951.png,metal_nut
952,20952.png,tile
953,20953.png,grid
954,20954.png,screw
955,20955.png,carpet
956,20956.png,capsule
957,20957.png,transistor
958,20958.png,capsule
959,20959.png,wood
960,20960.png,zipper
961,20961.png,screw
962,20962.png,pill
963,20963.png,hazelnut
964,20964.png,hazelnut
965,20965.png,cable
966,20966.png,screw
967,20967.png,hazelnut
968,20968.png,cable
969,20969.png,hazelnut
970,20970.png,carpet
971,20971.png,carpet
972,20972.png,bottle
973,20973.png,cable
974,20974.png,hazelnut
975,20975.png,tile
976,20976.png,pill
977,20977.png,leather
978,20978.png,screw
979,20979.png,screw
980,20980.png,leather
981,20981.png,carpet
982,20982.png,screw
983,20983.png,transistor
984,20984.png,pill
985,20985.png,capsule
986,20986.png,grid
987,20987.png,metal_nut
988,20988.png,screw
989,20989.png,screw
990,20990.png,pill
991,20991.png,screw
992,20992.png,capsule
993,20993.png,cable
994,20994.png,cable
995,20995.png,bottle
996,20996.png,zipper
997,20997.png,bottle
998,20998.png,leather
999,20999.png,screw
1000,21000.png,leather
1001,21001.png,capsule
1002,21002.png,leather
1003,21003.png,metal_nut
1004,21004.png,wood
1005,21005.png,tile
1006,21006.png,cable
1007,21007.png,capsule
1008,21008.png,tile
1009,21009.png,screw
1010,21010.png,zipper
1011,21011.png,pill
1012,21012.png,tile
1013,21013.png,cable
1014,21014.png,leather
1015,21015.png,screw
1016,21016.png,pill
1017,21017.png,zipper
1018,21018.png,hazelnut
1019,21019.png,pill
1020,21020.png,screw
1021,21021.png,tile
1022,21022.png,pill
1023,21023.png,metal_nut
1024,21024.png,hazelnut
1025,21025.png,cable
1026,21026.png,metal_nut
1027,21027.png,pill
1028,21028.png,cable
1029,21029.png,zipper
1030,21030.png,leather
1031,21031.png,transistor
1032,21032.png,tile
1033,21033.png,metal_nut
1034,21034.png,capsule
1035,21035.png,screw
1036,21036.png,pill
1037,21037.png,capsule
1038,21038.png,hazelnut
1039,21039.png,capsule
1040,21040.png,metal_nut
1041,21041.png,tile
1042,21042.png,transistor
1043,21043.png,transistor
1044,21044.png,carpet
1045,21045.png,screw
1046,21046.png,transistor
1047,21047.png,grid
1048,21048.png,cable
1049,21049.png,transistor
1050,21050.png,cable
1051,21051.png,carpet
1052,21052.png,wood
1053,21053.png,zipper
1054,21054.png,toothbrush
1055,21055.png,capsule
1056,21056.png,cable
1057,21057.png,capsule
1058,21058.png,zipper
1059,21059.png,grid
1060,21060.png,zipper
1061,21061.png,leather
1062,21062.png,cable
1063,21063.png,screw
1064,21064.png,hazelnut
1065,21065.png,metal_nut
1066,21066.png,carpet
1067,21067.png,metal_nut
1068,21068.png,carpet
1069,21069.png,tile
1070,21070.png,transistor
1071,21071.png,pill
1072,21072.png,wood
1073,21073.png,capsule
1074,21074.png,screw
1075,21075.png,zipper
1076,21076.png,wood
1077,21077.png,screw
1078,21078.png,bottle
1079,21079.png,tile
1080,21080.png,transistor
1081,21081.png,capsule
1082,21082.png,tile
1083,21083.png,pill
1084,21084.png,transistor
1085,21085.png,bottle
1086,21086.png,bottle
1087,21087.png,leather
1088,21088.png,tile
1089,21089.png,pill
1090,21090.png,grid
1091,21091.png,pill
1092,21092.png,zipper
1093,21093.png,leather
1094,21094.png,hazelnut
1095,21095.png,metal_nut
1096,21096.png,hazelnut
1097,21097.png,wood
1098,21098.png,transistor
1099,21099.png,wood
1100,21100.png,cable
1101,21101.png,zipper
1102,21102.png,leather
1103,21103.png,bottle
1104,21104.png,tile
1105,21105.png,carpet
1106,21106.png,zipper
1107,21107.png,zipper
1108,21108.png,transistor
1109,21109.png,capsule
1110,21110.png,tile
1111,21111.png,transistor
1112,21112.png,wood
1113,21113.png,metal_nut
1114,21114.png,bottle
1115,21115.png,carpet
1116,21116.png,cable
1117,21117.png,cable
1118,21118.png,metal_nut
1119,21119.png,transistor
1120,21120.png,metal_nut
1121,21121.png,tile
1122,21122.png,pill
1123,21123.png,pill
1124,21124.png,tile
1125,21125.png,zipper
1126,21126.png,wood
1127,21127.png,screw
1128,21128.png,hazelnut
1129,21129.png,carpet
1130,21130.png,transistor
1131,21131.png,cable
1132,21132.png,cable
1133,21133.png,toothbrush
1134,21134.png,screw
1135,21135.png,transistor
1136,21136.png,wood
1137,21137.png,hazelnut
1138,21138.png,cable
1139,21139.png,wood
1140,21140.png,zipper
1141,21141.png,tile
1142,21142.png,capsule
1143,21143.png,hazelnut
1144,21144.png,hazelnut
1145,21145.png,cable
1146,21146.png,hazelnut
1147,21147.png,tile
1148,21148.png,screw
1149,21149.png,grid
1150,21150.png,transistor
1151,21151.png,tile
1152,21152.png,cable
1153,21153.png,bottle
1154,21154.png,zipper
1155,21155.png,zipper
1156,21156.png,leather
1157,21157.png,screw
1158,21158.png,pill
1159,21159.png,zipper
1160,21160.png,transistor
1161,21161.png,bottle
1162,21162.png,transistor
1163,21163.png,cable
1164,21164.png,capsule
1165,21165.png,screw
1166,21166.png,leather
1167,21167.png,capsule
1168,21168.png,transistor
1169,21169.png,cable
1170,21170.png,zipper
1171,21171.png,cable
1172,21172.png,wood
1173,21173.png,screw
1174,21174.png,tile
1175,21175.png,pill
1176,21176.png,leather
1177,21177.png,grid
1178,21178.png,grid
1179,21179.png,transistor
1180,21180.png,leather
1181,21181.png,tile
1182,21182.png,grid
1183,21183.png,bottle
1184,21184.png,toothbrush
1185,21185.png,carpet
1186,21186.png,bottle
1187,21187.png,bottle
1188,21188.png,hazelnut
1189,21189.png,tile
1190,21190.png,cable
1191,21191.png,capsule
1192,21192.png,capsule
1193,21193.png,transistor
1194,21194.png,hazelnut
1195,21195.png,bottle
1196,21196.png,wood
1197,21197.png,grid
1198,21198.png,toothbrush
1199,21199.png,hazelnut
1200,21200.png,screw
1201,21201.png,carpet
1202,21202.png,zipper
1203,21203.png,bottle
1204,21204.png,cable
1205,21205.png,metal_nut
1206,21206.png,bottle
1207,21207.png,metal_nut
1208,21208.png,bottle
1209,21209.png,screw
1210,21210.png,wood
1211,21211.png,cable
1212,21212.png,zipper
1213,21213.png,leather
1214,21214.png,wood
1215,21215.png,cable
1216,21216.png,capsule
1217,21217.png,zipper
1218,21218.png,bottle
1219,21219.png,bottle
1220,21220.png,pill
1221,21221.png,metal_nut
1222,21222.png,pill
1223,21223.png,capsule
1224,21224.png,cable
1225,21225.png,cable
1226,21226.png,capsule
1227,21227.png,cable
1228,21228.png,grid
1229,21229.png,toothbrush
1230,21230.png,pill
1231,21231.png,carpet
1232,21232.png,pill
1233,21233.png,transistor
1234,21234.png,zipper
1235,21235.png,tile
1236,21236.png,grid
1237,21237.png,tile
1238,21238.png,capsule
1239,21239.png,leather
1240,21240.png,pill
1241,21241.png,toothbrush
1242,21242.png,screw
1243,21243.png,transistor
1244,21244.png,zipper
1245,21245.png,carpet
1246,21246.png,cable
1247,21247.png,cable
1248,21248.png,transistor
1249,21249.png,zipper
1250,21250.png,tile
1251,21251.png,screw
1252,21252.png,screw
1253,21253.png,carpet
1254,21254.png,wood
1255,21255.png,screw
1256,21256.png,leather
1257,21257.png,transistor
1258,21258.png,leather
1259,21259.png,cable
1260,21260.png,screw
1261,21261.png,pill
1262,21262.png,toothbrush
1263,21263.png,bottle
1264,21264.png,transistor
1265,21265.png,pill
1266,21266.png,cable
1267,21267.png,tile
1268,21268.png,capsule
1269,21269.png,tile
1270,21270.png,zipper
1271,21271.png,hazelnut
1272,21272.png,leather
1273,21273.png,pill
1274,21274.png,zipper
1275,21275.png,pill
1276,21276.png,metal_nut
1277,21277.png,grid
1278,21278.png,transistor
1279,21279.png,metal_nut
1280,21280.png,metal_nut
1281,21281.png,bottle
1282,21282.png,zipper
1283,21283.png,leather
1284,21284.png,pill
1285,21285.png,leather
1286,21286.png,zipper
1287,21287.png,tile
1288,21288.png,hazelnut
1289,21289.png,hazelnut
1290,21290.png,pill
1291,21291.png,cable
1292,21292.png,leather
1293,21293.png,hazelnut
1294,21294.png,pill
1295,21295.png,cable
1296,21296.png,tile
1297,21297.png,leather
1298,21298.png,zipper
1299,21299.png,hazelnut
1300,21300.png,tile
1301,21301.png,capsule
1302,21302.png,carpet
1303,21303.png,cable
1304,21304.png,hazelnut
1305,21305.png,tile
1306,21306.png,carpet
1307,21307.png,hazelnut
1308,21308.png,transistor
1309,21309.png,cable
1310,21310.png,bottle
1311,21311.png,grid
1312,21312.png,zipper
1313,21313.png,screw
1314,21314.png,zipper
1315,21315.png,capsule
1316,21316.png,carpet
1317,21317.png,screw
1318,21318.png,transistor
1319,21319.png,pill
1320,21320.png,zipper
1321,21321.png,transistor
1322,21322.png,capsule
1323,21323.png,metal_nut
1324,21324.png,toothbrush
1325,21325.png,carpet
1326,21326.png,hazelnut
1327,21327.png,bottle
1328,21328.png,screw
1329,21329.png,transistor
1330,21330.png,transistor
1331,21331.png,grid
1332,21332.png,metal_nut
1333,21333.png,tile
1334,21334.png,carpet
1335,21335.png,cable
1336,21336.png,tile
1337,21337.png,grid
1338,21338.png,metal_nut
1339,21339.png,metal_nut
1340,21340.png,hazelnut
1341,21341.png,cable
1342,21342.png,hazelnut
1343,21343.png,grid
1344,21344.png,hazelnut
1345,21345.png,tile
1346,21346.png,hazelnut
1347,21347.png,cable
1348,21348.png,transistor
1349,21349.png,tile
1350,21350.png,zipper
1351,21351.png,tile
1352,21352.png,grid
1353,21353.png,transistor
1354,21354.png,transistor
1355,21355.png,metal_nut
1356,21356.png,bottle
1357,21357.png,wood
1358,21358.png,pill
1359,21359.png,screw
1360,21360.png,zipper
1361,21361.png,leather
1362,21362.png,tile
1363,21363.png,transistor
1364,21364.png,cable
1365,21365.png,metal_nut
1366,21366.png,transistor
1367,21367.png,transistor
1368,21368.png,hazelnut
1369,21369.png,toothbrush
1370,21370.png,pill
1371,21371.png,screw
1372,21372.png,cable
1373,21373.png,zipper
1374,21374.png,tile
1375,21375.png,hazelnut
1376,21376.png,capsule
1377,21377.png,zipper
1378,21378.png,hazelnut
1379,21379.png,hazelnut
1380,21380.png,transistor
1381,21381.png,toothbrush
1382,21382.png,leather
1383,21383.png,wood
1384,21384.png,metal_nut
1385,21385.png,leather
1386,21386.png,carpet
1387,21387.png,carpet
1388,21388.png,screw
1389,21389.png,screw
1390,21390.png,zipper
1391,21391.png,hazelnut
1392,21392.png,hazelnut
1393,21393.png,hazelnut
1394,21394.png,cable
1395,21395.png,capsule
1396,21396.png,leather
1397,21397.png,carpet
1398,21398.png,zipper
1399,21399.png,cable
1400,21400.png,tile
1401,21401.png,grid
1402,21402.png,cable
1403,21403.png,hazelnut
1404,21404.png,metal_nut
1405,21405.png,hazelnut
1406,21406.png,metal_nut
1407,21407.png,pill
1408,21408.png,cable
1409,21409.png,pill
1410,21410.png,carpet
1411,21411.png,cable
1412,21412.png,metal_nut
1413,21413.png,capsule
1414,21414.png,cable
1415,21415.png,toothbrush
1416,21416.png,bottle
1417,21417.png,capsule
1418,21418.png,zipper
1419,21419.png,cable
1420,21420.png,cable
1421,21421.png,carpet
1422,21422.png,cable
1423,21423.png,metal_nut
1424,21424.png,tile
1425,21425.png,cable
1426,21426.png,screw
1427,21427.png,transistor
1428,21428.png,tile
1429,21429.png,zipper
1430,21430.png,cable
1431,21431.png,toothbrush
1432,21432.png,grid
1433,21433.png,metal_nut
1434,21434.png,screw
1435,21435.png,pill
1436,21436.png,zipper
1437,21437.png,metal_nut
1438,21438.png,toothbrush
1439,21439.png,carpet
1440,21440.png,pill
1441,21441.png,pill
1442,21442.png,screw
1443,21443.png,capsule
1444,21444.png,cable
1445,21445.png,hazelnut
1446,21446.png,carpet
1447,21447.png,tile
1448,21448.png,tile
1449,21449.png,transistor
1450,21450.png,hazelnut
1451,21451.png,hazelnut
1452,21452.png,carpet
1453,21453.png,capsule
1454,21454.png,pill
1455,21455.png,zipper
1456,21456.png,grid
1457,21457.png,cable
1458,21458.png,grid
1459,21459.png,carpet
1460,21460.png,hazelnut
1461,21461.png,transistor
1462,21462.png,grid
1463,21463.png,leather
1464,21464.png,carpet
1465,21465.png,leather
1466,21466.png,hazelnut
1467,21467.png,zipper
1468,21468.png,transistor
1469,21469.png,bottle
1470,21470.png,transistor
1471,21471.png,wood
1472,21472.png,pill
1473,21473.png,bottle
1474,21474.png,toothbrush
1475,21475.png,pill
1476,21476.png,screw
1477,21477.png,bottle
1478,21478.png,cable
1479,21479.png,wood
1480,21480.png,toothbrush
1481,21481.png,pill
1482,21482.png,grid
1483,21483.png,metal_nut
1484,21484.png,transistor
1485,21485.png,hazelnut
1486,21486.png,zipper
1487,21487.png,hazelnut
1488,21488.png,tile
1489,21489.png,metal_nut
1490,21490.png,metal_nut
1491,21491.png,leather
1492,21492.png,capsule
1493,21493.png,tile
1494,21494.png,screw
1495,21495.png,hazelnut
1496,21496.png,leather
1497,21497.png,cable
1498,21498.png,leather
1499,21499.png,pill
1500,21500.png,pill
1501,21501.png,pill
1502,21502.png,leather
1503,21503.png,metal_nut
1504,21504.png,zipper
1505,21505.png,zipper
1506,21506.png,metal_nut
1507,21507.png,zipper
1508,21508.png,hazelnut
1509,21509.png,leather
1510,21510.png,cable
1511,21511.png,cable
1512,21512.png,pill
1513,21513.png,bottle
1514,21514.png,capsule
1515,21515.png,tile
1516,21516.png,screw
1517,21517.png,capsule
1518,21518.png,carpet
1519,21519.png,bottle
1520,21520.png,transistor
1521,21521.png,metal_nut
1522,21522.png,pill
1523,21523.png,capsule
1524,21524.png,hazelnut
1525,21525.png,pill
1526,21526.png,tile
1527,21527.png,cable
1528,21528.png,grid
1529,21529.png,cable
1530,21530.png,tile
1531,21531.png,carpet
1532,21532.png,grid
1533,21533.png,carpet
1534,21534.png,pill
1535,21535.png,screw
1536,21536.png,metal_nut
1537,21537.png,carpet
1538,21538.png,zipper
1539,21539.png,grid
1540,21540.png,wood
1541,21541.png,metal_nut
1542,21542.png,tile
1543,21543.png,metal_nut
1544,21544.png,tile
1545,21545.png,transistor
1546,21546.png,hazelnut
1547,21547.png,bottle
1548,21548.png,screw
1549,21549.png,leather
1550,21550.png,leather
1551,21551.png,transistor
1552,21552.png,leather
1553,21553.png,wood
1554,21554.png,pill
1555,21555.png,capsule
1556,21556.png,transistor
1557,21557.png,transistor
1558,21558.png,leather
1559,21559.png,wood
1560,21560.png,leather
1561,21561.png,screw
1562,21562.png,bottle
1563,21563.png,leather
1564,21564.png,toothbrush
1565,21565.png,leather
1566,21566.png,wood
1567,21567.png,grid
1568,21568.png,pill
1569,21569.png,hazelnut
1570,21570.png,pill
1571,21571.png,carpet
1572,21572.png,tile
1573,21573.png,pill
1574,21574.png,pill
1575,21575.png,toothbrush
1576,21576.png,capsule
1577,21577.png,transistor
1578,21578.png,zipper
1579,21579.png,metal_nut
1580,21580.png,cable
1581,21581.png,hazelnut
1582,21582.png,tile
1583,21583.png,leather
1584,21584.png,leather
1585,21585.png,cable
1586,21586.png,wood
1587,21587.png,bottle
1588,21588.png,bottle
1589,21589.png,cable
1590,21590.png,capsule
1591,21591.png,carpet
1592,21592.png,pill
1593,21593.png,transistor
1594,21594.png,carpet
1595,21595.png,leather
1596,21596.png,leather
1597,21597.png,carpet
1598,21598.png,capsule
1599,21599.png,screw
1600,21600.png,transistor
1601,21601.png,pill
1602,21602.png,screw
1603,21603.png,grid
1604,21604.png,capsule
1605,21605.png,tile
1606,21606.png,carpet
1607,21607.png,hazelnut
1608,21608.png,leather
1609,21609.png,bottle
1610,21610.png,toothbrush
1611,21611.png,wood
1612,21612.png,zipper
1613,21613.png,wood
1614,21614.png,hazelnut
1615,21615.png,wood
1616,21616.png,metal_nut
1617,21617.png,cable
1618,21618.png,hazelnut
1619,21619.png,transistor
1620,21620.png,capsule
1621,21621.png,tile
1622,21622.png,hazelnut
1623,21623.png,wood
1624,21624.png,zipper
1625,21625.png,cable
1626,21626.png,pill
1627,21627.png,cable
1628,21628.png,bottle
1629,21629.png,zipper
1630,21630.png,transistor
1631,21631.png,zipper
1632,21632.png,grid
1633,21633.png,tile
1634,21634.png,zipper
1635,21635.png,capsule
1636,21636.png,cable
1637,21637.png,metal_nut
1638,21638.png,cable
1639,21639.png,pill
1640,21640.png,carpet
1641,21641.png,capsule
1642,21642.png,leather
1643,21643.png,grid
1644,21644.png,transistor
1645,21645.png,metal_nut
1646,21646.png,pill
1647,21647.png,tile
1648,21648.png,carpet
1649,21649.png,grid
1650,21650.png,bottle
1651,21651.png,pill
1652,21652.png,grid
1653,21653.png,zipper
1654,21654.png,bottle
1655,21655.png,hazelnut
1656,21656.png,zipper
1657,21657.png,carpet
1658,21658.png,grid
1659,21659.png,carpet
1660,21660.png,screw
1661,21661.png,metal_nut
1662,21662.png,capsule
1663,21663.png,transistor
1664,21664.png,screw
1665,21665.png,zipper
1666,21666.png,grid
1667,21667.png,toothbrush
1668,21668.png,screw
1669,21669.png,tile
1670,21670.png,tile
1671,21671.png,hazelnut
1672,21672.png,screw
1673,21673.png,toothbrush
1674,21674.png,cable
1675,21675.png,bottle
1676,21676.png,bottle
1677,21677.png,metal_nut
1678,21678.png,transistor
1679,21679.png,zipper
1680,21680.png,bottle
1681,21681.png,capsule
1682,21682.png,transistor
1683,21683.png,screw
1684,21684.png,metal_nut
1685,21685.png,cable
1686,21686.png,capsule
1687,21687.png,capsule
1688,21688.png,carpet
1689,21689.png,pill
1690,21690.png,screw
1691,21691.png,capsule
1692,21692.png,transistor
1693,21693.png,metal_nut
1694,21694.png,grid
1695,21695.png,cable
1696,21696.png,cable
1697,21697.png,cable
1698,21698.png,bottle
1699,21699.png,screw
1700,21700.png,toothbrush
1701,21701.png,carpet
1702,21702.png,toothbrush
1703,21703.png,carpet
1704,21704.png,leather
1705,21705.png,capsule
1706,21706.png,screw
1707,21707.png,cable
1708,21708.png,toothbrush
1709,21709.png,bottle
1710,21710.png,leather
1711,21711.png,screw
1712,21712.png,carpet
1713,21713.png,bottle
1714,21714.png,cable
1715,21715.png,carpet
1716,21716.png,screw
1717,21717.png,leather
1718,21718.png,cable
1719,21719.png,grid
1720,21720.png,tile
1721,21721.png,hazelnut
1722,21722.png,hazelnut
1723,21723.png,metal_nut
1724,21724.png,transistor
1725,21725.png,transistor
1726,21726.png,cable
1727,21727.png,grid
1728,21728.png,leather
1729,21729.png,transistor
1730,21730.png,leather
1731,21731.png,hazelnut
1732,21732.png,metal_nut
1733,21733.png,hazelnut
1734,21734.png,cable
1735,21735.png,screw
1736,21736.png,metal_nut
1737,21737.png,transistor
1738,21738.png,zipper
1739,21739.png,leather
1740,21740.png,hazelnut
1741,21741.png,grid
1742,21742.png,pill
1743,21743.png,capsule
1744,21744.png,carpet
1745,21745.png,toothbrush
1746,21746.png,carpet
1747,21747.png,capsule
1748,21748.png,carpet
1749,21749.png,wood
1750,21750.png,carpet
1751,21751.png,bottle
1752,21752.png,cable
1753,21753.png,hazelnut
1754,21754.png,hazelnut
1755,21755.png,carpet
1756,21756.png,screw
1757,21757.png,cable
1758,21758.png,tile
1759,21759.png,zipper
1760,21760.png,wood
1761,21761.png,pill
1762,21762.png,tile
1763,21763.png,capsule
1764,21764.png,grid
1765,21765.png,screw
1766,21766.png,bottle
1767,21767.png,transistor
1768,21768.png,toothbrush
1769,21769.png,zipper
1770,21770.png,carpet
1771,21771.png,wood
1772,21772.png,capsule
1773,21773.png,screw
1774,21774.png,cable
1775,21775.png,metal_nut
1776,21776.png,capsule
1777,21777.png,transistor
1778,21778.png,bottle
1779,21779.png,capsule
1780,21780.png,screw
1781,21781.png,pill
1782,21782.png,carpet
1783,21783.png,cable
1784,21784.png,screw
1785,21785.png,pill
1786,21786.png,zipper
1787,21787.png,hazelnut
1788,21788.png,pill
1789,21789.png,bottle
1790,21790.png,toothbrush
1791,21791.png,zipper
1792,21792.png,capsule
1793,21793.png,zipper
1794,21794.png,capsule
1795,21795.png,screw
1796,21796.png,toothbrush
1797,21797.png,cable
1798,21798.png,grid
1799,21799.png,zipper
1800,21800.png,cable
1801,21801.png,bottle
1802,21802.png,pill
1803,21803.png,screw
1804,21804.png,zipper
1805,21805.png,screw
1806,21806.png,grid
1807,21807.png,metal_nut
1808,21808.png,leather
1809,21809.png,zipper
1810,21810.png,zipper
1811,21811.png,zipper
1812,21812.png,tile
1813,21813.png,tile
1814,21814.png,carpet
1815,21815.png,tile
1816,21816.png,pill
1817,21817.png,carpet
1818,21818.png,zipper
1819,21819.png,tile
1820,21820.png,toothbrush
1821,21821.png,cable
1822,21822.png,metal_nut
1823,21823.png,leather
1824,21824.png,tile
1825,21825.png,bottle
1826,21826.png,hazelnut
1827,21827.png,grid
1828,21828.png,zipper
1829,21829.png,tile
1830,21830.png,zipper
1831,21831.png,carpet
1832,21832.png,pill
1833,21833.png,carpet
1834,21834.png,carpet
1835,21835.png,screw
1836,21836.png,metal_nut
1837,21837.png,cable
1838,21838.png,grid
1839,21839.png,cable
1840,21840.png,pill
1841,21841.png,metal_nut
1842,21842.png,pill
1843,21843.png,transistor
1844,21844.png,screw
1845,21845.png,screw
1846,21846.png,leather
1847,21847.png,pill
1848,21848.png,pill
1849,21849.png,zipper
1850,21850.png,transistor
1851,21851.png,zipper
1852,21852.png,zipper
1853,21853.png,cable
1854,21854.png,toothbrush
1855,21855.png,wood
1856,21856.png,pill
1857,21857.png,capsule
1858,21858.png,wood
1859,21859.png,cable
1860,21860.png,grid
1861,21861.png,screw
1862,21862.png,grid
1863,21863.png,carpet
1864,21864.png,zipper
1865,21865.png,zipper
1866,21866.png,carpet
1867,21867.png,hazelnut
1868,21868.png,carpet
1869,21869.png,carpet
1870,21870.png,capsule
1871,21871.png,zipper
1872,21872.png,leather
1873,21873.png,carpet
1874,21874.png,carpet
1875,21875.png,screw
1876,21876.png,cable
1877,21877.png,wood
1878,21878.png,leather
1879,21879.png,tile
1880,21880.png,capsule
1881,21881.png,capsule
1882,21882.png,screw
1883,21883.png,zipper
1884,21884.png,zipper
1885,21885.png,cable
1886,21886.png,screw
1887,21887.png,toothbrush
1888,21888.png,tile
1889,21889.png,capsule
1890,21890.png,capsule
1891,21891.png,leather
1892,21892.png,grid
1893,21893.png,cable
1894,21894.png,tile
1895,21895.png,leather
1896,21896.png,transistor
1897,21897.png,carpet
1898,21898.png,wood
1899,21899.png,grid
1900,21900.png,pill
1901,21901.png,transistor
1902,21902.png,hazelnut
1903,21903.png,transistor
1904,21904.png,cable
1905,21905.png,screw
1906,21906.png,transistor
1907,21907.png,tile
1908,21908.png,bottle
1909,21909.png,pill
1910,21910.png,zipper
1911,21911.png,tile
1912,21912.png,wood
1913,21913.png,hazelnut
1914,21914.png,metal_nut
1915,21915.png,toothbrush
1916,21916.png,screw
1917,21917.png,leather
1918,21918.png,zipper
1919,21919.png,toothbrush
1920,21920.png,cable
1921,21921.png,metal_nut
1922,21922.png,capsule
1923,21923.png,transistor
1924,21924.png,cable
1925,21925.png,grid
1926,21926.png,leather
1927,21927.png,pill
1928,21928.png,bottle
1929,21929.png,screw
1930,21930.png,transistor
1931,21931.png,metal_nut
1932,21932.png,cable
1933,21933.png,carpet
1934,21934.png,metal_nut
1935,21935.png,wood
1936,21936.png,pill
1937,21937.png,tile
1938,21938.png,leather
1939,21939.png,bottle
1940,21940.png,hazelnut
1941,21941.png,leather
1942,21942.png,wood
1943,21943.png,grid
1944,21944.png,cable
1945,21945.png,screw
1946,21946.png,pill
1947,21947.png,metal_nut
1948,21948.png,leather
1949,21949.png,capsule
1950,21950.png,cable
1951,21951.png,tile
1952,21952.png,toothbrush
1953,21953.png,zipper
1954,21954.png,toothbrush
1955,21955.png,screw
1956,21956.png,pill
1957,21957.png,pill
1958,21958.png,metal_nut
1959,21959.png,hazelnut
1960,21960.png,carpet
1961,21961.png,wood
1962,21962.png,leather
1963,21963.png,wood
1964,21964.png,screw
1965,21965.png,wood
1966,21966.png,zipper
1967,21967.png,bottle
1968,21968.png,cable
1969,21969.png,grid
1970,21970.png,transistor
1971,21971.png,leather
1972,21972.png,tile
1973,21973.png,leather
1974,21974.png,pill
1975,21975.png,tile
1976,21976.png,cable
1977,21977.png,hazelnut
1978,21978.png,wood
1979,21979.png,metal_nut
1980,21980.png,zipper
1981,21981.png,metal_nut
1982,21982.png,pill
1983,21983.png,tile
1984,21984.png,hazelnut
1985,21985.png,leather
1986,21986.png,pill
1987,21987.png,metal_nut
1988,21988.png,cable
1989,21989.png,carpet
1990,21990.png,zipper
1991,21991.png,cable
1992,21992.png,cable
1993,21993.png,transistor
1994,21994.png,bottle
1995,21995.png,capsule
1996,21996.png,carpet
1997,21997.png,tile
1998,21998.png,zipper
1999,21999.png,screw
2000,22000.png,screw
2001,22001.png,bottle
2002,22002.png,carpet
2003,22003.png,bottle
2004,22004.png,pill
2005,22005.png,screw
2006,22006.png,cable
2007,22007.png,zipper
2008,22008.png,zipper
2009,22009.png,grid
2010,22010.png,bottle
2011,22011.png,metal_nut
2012,22012.png,metal_nut
2013,22013.png,carpet
2014,22014.png,capsule
2015,22015.png,screw
2016,22016.png,metal_nut
2017,22017.png,screw
2018,22018.png,wood
2019,22019.png,carpet
2020,22020.png,hazelnut
2021,22021.png,transistor
2022,22022.png,zipper
2023,22023.png,hazelnut
2024,22024.png,capsule
2025,22025.png,transistor
2026,22026.png,capsule
2027,22027.png,capsule
2028,22028.png,wood
2029,22029.png,leather
2030,22030.png,grid
2031,22031.png,zipper
2032,22032.png,screw
2033,22033.png,metal_nut
2034,22034.png,screw
2035,22035.png,cable
2036,22036.png,hazelnut
2037,22037.png,metal_nut
2038,22038.png,tile
2039,22039.png,grid
2040,22040.png,carpet
2041,22041.png,metal_nut
2042,22042.png,screw
2043,22043.png,tile
2044,22044.png,pill
2045,22045.png,screw
2046,22046.png,grid
2047,22047.png,cable
2048,22048.png,cable
2049,22049.png,pill
2050,22050.png,capsule
2051,22051.png,leather
2052,22052.png,zipper
2053,22053.png,transistor
2054,22054.png,screw
2055,22055.png,zipper
2056,22056.png,cable
2057,22057.png,zipper
2058,22058.png,tile
2059,22059.png,leather
2060,22060.png,grid
2061,22061.png,transistor
2062,22062.png,metal_nut
2063,22063.png,leather
2064,22064.png,metal_nut
2065,22065.png,zipper
2066,22066.png,capsule
2067,22067.png,hazelnut
2068,22068.png,grid
2069,22069.png,pill
2070,22070.png,zipper
2071,22071.png,zipper
2072,22072.png,bottle
2073,22073.png,carpet
2074,22074.png,screw
2075,22075.png,carpet
2076,22076.png,capsule
2077,22077.png,screw
2078,22078.png,pill
2079,22079.png,grid
2080,22080.png,cable
2081,22081.png,grid
2082,22082.png,bottle
2083,22083.png,pill
2084,22084.png,hazelnut
2085,22085.png,zipper
2086,22086.png,transistor
2087,22087.png,hazelnut
2088,22088.png,screw
2089,22089.png,capsule
2090,22090.png,capsule
2091,22091.png,carpet
2092,22092.png,pill
2093,22093.png,tile
2094,22094.png,cable
2095,22095.png,pill
2096,22096.png,transistor
2097,22097.png,pill
2098,22098.png,metal_nut
2099,22099.png,pill
2100,22100.png,tile
2101,22101.png,cable
2102,22102.png,screw
2103,22103.png,transistor
2104,22104.png,cable
2105,22105.png,capsule
2106,22106.png,metal_nut
2107,22107.png,leather
2108,22108.png,metal_nut
2109,22109.png,hazelnut
2110,22110.png,carpet
2111,22111.png,cable
2112,22112.png,pill
2113,22113.png,zipper
2114,22114.png,leather
2115,22115.png,screw
2116,22116.png,capsule
2117,22117.png,screw
2118,22118.png,cable
2119,22119.png,pill
2120,22120.png,screw
2121,22121.png,transistor
2122,22122.png,hazelnut
2123,22123.png,tile
2124,22124.png,wood
2125,22125.png,capsule
2126,22126.png,bottle
2127,22127.png,screw
2128,22128.png,wood
2129,22129.png,tile
2130,22130.png,grid
2131,22131.png,pill
2132,22132.png,grid
2133,22133.png,grid
2134,22134.png,metal_nut
2135,22135.png,grid
2136,22136.png,carpet
2137,22137.png,toothbrush
2138,22138.png,pill
2139,22139.png,wood
2140,22140.png,zipper
2141,22141.png,leather
2142,22142.png,toothbrush
2143,22143.png,toothbrush
2144,22144.png,tile
2145,22145.png,metal_nut
2146,22146.png,cable
2147,22147.png,grid
2148,22148.png,cable
2149,22149.png,tile
2150,22150.png,screw
2151,22151.png,grid
2152,22152.png,cable
2153,22153.png,zipper
